timestamp,config,sample,secs,chars,status,error
2026-09-17T18:46:10,grayscale,MT-001,134.2,109,ok,
2026-09-17T18:46:28,grayscale,MT-002,18.5,95,ok,
2026-09-17T18:46:52,grayscale,MT-003,23.5,129,ok,
2026-09-17T18:47:22,grayscale,MT-004,30.9,189,ok,
2026-09-17T18:47:46,grayscale,MT-005,23.6,105,ok,
2026-09-17T18:48:06,grayscale,MT-006,20.2,109,ok,
2026-09-17T18:48:20,grayscale,MT-007,14.0,66,ok,
2026-09-17T18:48:44,grayscale,MT-008,23.9,133,ok,
2026-09-17T18:49:09,grayscale,MT-009,24.6,139,ok,
2026-09-17T18:49:44,grayscale,MT-010,35.4,140,ok,
2026-09-17T18:50:05,grayscale,MT-011,21.4,122,ok,
2026-09-17T18:50:25,grayscale,MT-012,19.8,99,ok,
2026-09-17T18:50:57,grayscale,MT-013,31.4,178,ok,
2026-09-17T18:51:26,grayscale,MT-014,29.0,158,ok,
2026-09-17T18:51:55,grayscale,MT-015,28.9,179,ok,
2026-09-17T18:52:24,grayscale,MT-016,29.9,184,ok,
2026-09-17T18:52:51,grayscale,MT-017,26.1,95,ok,
2026-09-17T18:53:19,grayscale,MT-018,28.2,173,ok,
2026-09-17T18:53:52,grayscale,MT-019,32.9,202,ok,
2026-09-17T18:54:26,grayscale,MT-020,34.5,192,ok,
2026-09-17T18:54:47,denoised,MT-001,20.6,113,ok,
2026-09-17T18:55:07,denoised,MT-002,20.4,97,ok,
2026-09-17T18:55:31,denoised,MT-003,23.9,130,ok,
2026-09-17T18:56:03,denoised,MT-004,32.1,188,ok,
2026-09-17T18:56:11,denoised,MT-005,7.9,0,FAILED,HTTPError: 503 Server Error: Service Unavailable for url: https://6207-34-105-78-111.ngrok-free.app/transcribe
2026-09-17T18:56:31,denoised,MT-006,19.7,0,FAILED,"SSLError: HTTPSConnectionPool(host='6207-34-105-78-111.ngrok-free.app', port=443): Max retries exceeded with url: /transcribe (Caused by SSLError(SSLEOFError(8,"
2026-09-17T18:56:33,denoised,MT-007,1.7,0,FAILED,HTTPError: 404 Client Error: Not Found for url: https://6207-34-105-78-111.ngrok-free.app/transcribe
2026-09-17T18:56:34,denoised,MT-008,1.8,0,FAILED,HTTPError: 404 Client Error: Not Found for url: https://6207-34-105-78-111.ngrok-free.app/transcribe
2026-09-17T18:56:36,denoised,MT-009,1.7,0,FAILED,HTTPError: 404 Client Error: Not Found for url: https://6207-34-105-78-111.ngrok-free.app/transcribe
2026-09-17T18:56:55,denoised,MT-010,19.4,0,FAILED,"SSLError: HTTPSConnectionPool(host='6207-34-105-78-111.ngrok-free.app', port=443): Max retries exceeded with url: /transcribe (Caused by SSLError(SSLEOFError(8,"
2026-09-17T18:56:57,denoised,MT-011,1.5,0,FAILED,HTTPError: 404 Client Error: Not Found for url: https://6207-34-105-78-111.ngrok-free.app/transcribe
2026-09-17T18:56:58,denoised,MT-012,1.2,0,FAILED,HTTPError: 404 Client Error: Not Found for url: https://6207-34-105-78-111.ngrok-free.app/transcribe
2026-09-17T18:56:59,denoised,MT-013,1.4,0,FAILED,HTTPError: 404 Client Error: Not Found for url: https://6207-34-105-78-111.ngrok-free.app/transcribe
2026-09-17T18:57:01,denoised,MT-014,1.3,0,FAILED,HTTPError: 404 Client Error: Not Found for url: https://6207-34-105-78-111.ngrok-free.app/transcribe
2026-09-17T18:57:02,denoised,MT-015,1.6,0,FAILED,HTTPError: 404 Client Error: Not Found for url: https://6207-34-105-78-111.ngrok-free.app/transcribe
2026-09-17T18:57:22,denoised,MT-016,19.2,0,FAILED,"SSLError: HTTPSConnectionPool(host='6207-34-105-78-111.ngrok-free.app', port=443): Max retries exceeded with url: /transcribe (Caused by SSLError(SSLEOFError(8,"
2026-09-17T18:57:23,denoised,MT-017,1.7,0,FAILED,HTTPError: 404 Client Error: Not Found for url: https://6207-34-105-78-111.ngrok-free.app/transcribe
2026-09-17T18:57:43,denoised,MT-018,19.5,0,FAILED,"SSLError: HTTPSConnectionPool(host='6207-34-105-78-111.ngrok-free.app', port=443): Max retries exceeded with url: /transcribe (Caused by SSLError(SSLEOFError(8,"
2026-09-17T18:58:02,denoised,MT-019,19.4,0,FAILED,"SSLError: HTTPSConnectionPool(host='6207-34-105-78-111.ngrok-free.app', port=443): Max retries exceeded with url: /transcribe (Caused by SSLError(SSLEOFError(8,"
2026-09-17T18:58:21,denoised,MT-020,18.9,0,FAILED,"SSLError: HTTPSConnectionPool(host='6207-34-105-78-111.ngrok-free.app', port=443): Max retries exceeded with url: /transcribe (Caused by SSLError(SSLEOFError(8,"
2026-09-17T19:22:38,denoised,MT-005,165.5,105,ok,
2026-09-17T19:23:00,denoised,MT-006,21.9,108,ok,
2026-09-17T19:23:16,denoised,MT-007,16.6,66,ok,
2026-09-17T19:23:42,denoised,MT-008,25.7,139,ok,
2026-09-17T19:24:08,denoised,MT-009,26.3,144,ok,
2026-09-17T19:24:36,denoised,MT-010,27.6,140,ok,
2026-09-17T19:25:00,denoised,MT-011,24.2,119,ok,
2026-09-17T19:25:20,denoised,MT-012,20.2,97,ok,
2026-09-17T19:25:52,denoised,MT-013,31.2,175,ok,
2026-09-17T19:26:19,denoised,MT-014,27.7,156,ok,
2026-09-17T19:26:48,denoised,MT-015,29.3,179,ok,
2026-09-17T19:27:21,denoised,MT-016,33.0,195,ok,
2026-09-17T19:27:41,denoised,MT-017,19.7,98,ok,
2026-09-17T19:28:10,denoised,MT-018,29.3,167,ok,
2026-09-17T19:28:46,denoised,MT-019,35.2,200,ok,
2026-09-17T19:29:25,denoised,MT-020,39.0,192,ok,
2026-09-17T19:30:20,enhanced,MT-001,22.7,113,ok,
2026-09-17T19:30:40,enhanced,MT-002,19.2,97,ok,
2026-09-17T19:31:03,enhanced,MT-003,22.9,118,ok,
2026-09-17T19:31:35,enhanced,MT-004,32.6,187,ok,
2026-09-17T19:31:57,enhanced,MT-005,21.7,111,ok,
2026-09-17T19:32:18,enhanced,MT-006,21.4,108,ok,
2026-09-17T19:32:35,enhanced,MT-007,16.6,65,ok,
2026-09-17T19:33:01,enhanced,MT-008,26.0,143,ok,
2026-09-17T19:33:26,enhanced,MT-009,24.8,138,ok,
2026-09-17T19:33:52,enhanced,MT-010,26.3,146,ok,
2026-09-17T19:34:15,enhanced,MT-011,23.1,118,ok,
2026-09-17T19:34:34,enhanced,MT-012,19.4,98,ok,
2026-09-17T19:35:05,enhanced,MT-013,30.9,174,ok,
2026-09-17T19:35:35,enhanced,MT-014,29.1,157,ok,
2026-09-17T19:36:09,enhanced,MT-015,34.9,179,ok,
2026-09-17T19:37:07,enhanced,MT-016,58.0,191,ok,
2026-09-17T19:37:27,enhanced,MT-017,19.5,97,ok,
2026-09-17T19:37:57,enhanced,MT-018,30.0,177,ok,
2026-09-17T19:38:29,enhanced,MT-019,32.1,190,ok,
2026-09-17T19:39:02,enhanced,MT-020,33.2,189,ok,
2026-09-17T19:39:47,binarized,MT-001,20.5,110,ok,
2026-09-17T19:40:06,binarized,MT-002,19.2,97,ok,
2026-09-17T19:40:30,binarized,MT-003,23.4,122,ok,
2026-09-17T19:41:00,binarized,MT-004,30.6,183,ok,
2026-09-17T19:41:22,binarized,MT-005,22.0,117,ok,
2026-09-17T19:41:43,binarized,MT-006,20.6,108,ok,
2026-09-17T19:42:00,binarized,MT-007,17.2,77,ok,
2026-09-17T19:42:26,binarized,MT-008,26.2,147,ok,
2026-09-17T19:42:52,binarized,MT-009,25.2,143,ok,
2026-09-17T19:43:17,binarized,MT-010,25.3,140,ok,
2026-09-17T19:43:38,binarized,MT-011,21.2,111,ok,
2026-09-17T19:43:57,binarized,MT-012,18.7,97,ok,
2026-09-17T19:44:27,binarized,MT-013,29.8,170,ok,
2026-09-17T19:44:54,binarized,MT-014,26.8,158,ok,
2026-09-17T19:45:23,binarized,MT-015,29.0,180,ok,
2026-09-17T19:45:54,binarized,MT-016,31.9,191,ok,
2026-09-17T19:46:12,binarized,MT-017,18.0,96,ok,
2026-09-17T19:46:41,binarized,MT-018,28.6,169,ok,
2026-09-17T19:47:21,binarized,MT-019,39.7,199,ok,
2026-09-17T19:47:53,binarized,MT-020,32.3,192,ok,
2026-09-17T19:48:30,deskewed,MT-001,20.6,109,ok,
2026-09-17T19:48:49,deskewed,MT-002,19.2,99,ok,
2026-09-17T19:49:13,deskewed,MT-003,23.8,129,ok,
2026-09-17T19:49:45,deskewed,MT-004,31.3,189,ok,
2026-09-17T19:50:06,deskewed,MT-005,21.1,105,ok,
2026-09-17T19:50:26,deskewed,MT-006,20.5,109,ok,
2026-09-17T19:50:42,deskewed,MT-007,16.2,74,ok,
2026-09-17T19:51:06,deskewed,MT-008,24.1,133,ok,
2026-09-17T19:51:40,deskewed,MT-009,33.9,151,ok,
2026-09-17T19:52:04,deskewed,MT-010,24.0,140,ok,
2026-09-17T19:52:29,deskewed,MT-011,24.1,122,ok,
2026-09-17T19:52:48,deskewed,MT-012,19.1,97,ok,
2026-09-17T19:53:20,deskewed,MT-013,32.5,183,ok,
2026-09-17T19:53:46,deskewed,MT-014,26.1,155,ok,
2026-09-17T19:54:16,deskewed,MT-015,29.8,180,ok,
2026-09-17T19:54:46,deskewed,MT-016,29.6,178,ok,
2026-09-17T19:55:06,deskewed,MT-017,19.8,102,ok,
2026-09-17T19:55:35,deskewed,MT-018,29.1,173,ok,
2026-09-17T19:56:09,deskewed,MT-019,34.5,202,ok,
2026-09-17T19:56:42,deskewed,MT-020,33.1,192,ok,
2026-09-17T19:57:17,full_restoration,MT-001,20.3,112,ok,
2026-09-17T19:57:37,full_restoration,MT-002,20.2,108,ok,
2026-09-17T19:58:01,full_restoration,MT-003,23.6,127,ok,
2026-09-17T19:58:31,full_restoration,MT-004,29.9,186,ok,
2026-09-17T19:58:51,full_restoration,MT-005,20.2,105,ok,
2026-09-17T19:58:58,full_restoration,MT-006,6.9,0,FAILED,HTTPError: 503 Server Error: Service Unavailable for url: https://ec37-34-126-100-119.ngrok-free.app/transcribe
2026-09-17T23:41:14,full_restoration,MT-006,142.9,111,ok,
2026-09-17T23:41:30,full_restoration,MT-007,15.9,75,ok,
2026-09-17T23:41:55,full_restoration,MT-008,25.4,145,ok,
2026-09-17T23:42:20,full_restoration,MT-009,25.0,144,ok,
2026-09-17T23:42:44,full_restoration,MT-010,24.0,142,ok,
2026-09-17T23:43:01,full_restoration,MT-011,17.0,88,ok,
2026-09-17T23:43:19,full_restoration,MT-012,17.5,94,ok,
2026-09-17T23:43:48,full_restoration,MT-013,28.8,166,ok,
2026-09-17T23:44:13,full_restoration,MT-014,25.7,149,ok,
2026-09-17T23:44:42,full_restoration,MT-015,28.7,180,ok,
2026-09-17T23:45:13,full_restoration,MT-016,30.7,182,ok,
2026-09-17T23:45:30,full_restoration,MT-017,17.8,96,ok,
2026-09-17T23:45:59,full_restoration,MT-018,28.1,167,ok,
2026-09-17T23:46:30,full_restoration,MT-019,31.9,199,ok,
2026-09-17T23:47:03,full_restoration,MT-020,32.3,191,ok,
