config,sample,cer,wer,hyp_chars,ref_chars
original,MT-001,0.1712,0.381,109,111
original,MT-002,0.0989,0.2857,95,91
original,MT-003,0.5667,0.9545,129,120
original,MT-004,0.1368,0.4,189,190
original,MT-005,0.479,0.9,105,119
original,MT-006,0.2389,0.55,109,113
original,MT-007,0.4932,0.8462,66,73
original,MT-008,0.539,0.9259,133,141
original,MT-009,0.4286,0.7692,139,147
original,MT-010,0.3592,0.7619,140,142
original,MT-011,0.5496,0.913,122,131
original,MT-012,0.2796,0.8667,99,93
original,MT-013,0.2934,0.7407,178,167
original,MT-014,0.1307,0.4091,158,153
original,MT-015,0.1292,0.3929,179,178
original,MT-016,0.2551,0.6667,184,196
original,MT-017,0.3269,0.8667,95,104
original,MT-018,0.3611,0.7931,173,180
original,MT-019,0.2365,0.65,202,203
original,MT-020,0.2563,0.6923,192,199
grayscale,MT-001,0.1712,0.381,109,111
grayscale,MT-002,0.0989,0.2857,95,91
grayscale,MT-003,0.5667,0.9545,129,120
grayscale,MT-004,0.1368,0.4,189,190
grayscale,MT-005,0.479,0.9,105,119
grayscale,MT-006,0.2389,0.55,109,113
grayscale,MT-007,0.4932,0.8462,66,73
grayscale,MT-008,0.539,0.9259,133,141
grayscale,MT-009,0.4286,0.7692,139,147
grayscale,MT-010,0.3592,0.7619,140,142
grayscale,MT-011,0.5496,0.913,122,131
grayscale,MT-012,0.2796,0.8667,99,93
grayscale,MT-013,0.2934,0.7407,178,167
grayscale,MT-014,0.1307,0.4091,158,153
grayscale,MT-015,0.1292,0.3929,179,178
grayscale,MT-016,0.2551,0.6667,184,196
grayscale,MT-017,0.3269,0.8667,95,104
grayscale,MT-018,0.3611,0.7931,173,180
grayscale,MT-019,0.2365,0.65,202,203
grayscale,MT-020,0.2563,0.6923,192,199
denoised,MT-001,0.1261,0.3333,113,111
denoised,MT-002,0.1209,0.2857,97,91
denoised,MT-003,0.55,0.9545,130,120
denoised,MT-004,0.1684,0.4333,188,190
denoised,MT-005,0.5294,0.95,105,119
denoised,MT-006,0.2478,0.6,108,113
denoised,MT-007,0.4795,0.8462,66,73
denoised,MT-008,0.5177,0.9259,139,141
denoised,MT-009,0.449,0.8846,144,147
denoised,MT-010,0.4648,0.8571,140,142
denoised,MT-011,0.4198,0.7826,119,131
denoised,MT-012,0.3226,0.8,97,93
denoised,MT-013,0.3234,0.7407,175,167
denoised,MT-014,0.1373,0.4091,156,153
denoised,MT-015,0.1292,0.4643,179,178
denoised,MT-016,0.2398,0.6,195,196
denoised,MT-017,0.3462,0.8667,98,104
denoised,MT-018,0.3778,0.7931,167,180
denoised,MT-019,0.2167,0.65,200,203
denoised,MT-020,0.2462,0.6667,192,199
enhanced,MT-001,0.1261,0.3333,113,111
enhanced,MT-002,0.1209,0.2857,97,91
enhanced,MT-003,0.5,0.8636,118,120
enhanced,MT-004,0.1737,0.4667,187,190
enhanced,MT-005,0.5798,0.95,111,119
enhanced,MT-006,0.2389,0.65,108,113
enhanced,MT-007,0.4521,0.8462,65,73
enhanced,MT-008,0.5035,0.8519,143,141
enhanced,MT-009,0.4286,0.8462,138,147
enhanced,MT-010,0.3592,0.7143,146,142
enhanced,MT-011,0.5573,0.8696,118,131
enhanced,MT-012,0.3011,0.8,98,93
enhanced,MT-013,0.3353,0.7778,174,167
enhanced,MT-014,0.1438,0.4091,157,153
enhanced,MT-015,0.1292,0.3929,179,178
enhanced,MT-016,0.2347,0.5333,191,196
enhanced,MT-017,0.4038,0.9333,97,104
enhanced,MT-018,0.3722,0.8276,177,180
enhanced,MT-019,0.2414,0.6,190,203
enhanced,MT-020,0.3668,0.7692,189,199
binarized,MT-001,0.1261,0.2857,110,111
binarized,MT-002,0.1758,0.2857,97,91
binarized,MT-003,0.6417,1.0,122,120
binarized,MT-004,0.1737,0.4333,183,190
binarized,MT-005,0.4958,0.9,117,119
binarized,MT-006,0.4513,0.85,108,113
binarized,MT-007,0.5342,1.0,77,73
binarized,MT-008,0.5319,0.8889,147,141
binarized,MT-009,0.4762,0.9615,143,147
binarized,MT-010,0.4507,0.8571,140,142
binarized,MT-011,0.5649,0.8261,111,131
binarized,MT-012,0.3441,0.8,97,93
binarized,MT-013,0.3054,0.7407,170,167
binarized,MT-014,0.1438,0.4091,158,153
binarized,MT-015,0.1404,0.4286,180,178
binarized,MT-016,0.3112,0.7667,191,196
binarized,MT-017,0.3942,1.0,96,104
binarized,MT-018,0.3778,0.7931,169,180
binarized,MT-019,0.1872,0.575,199,203
binarized,MT-020,0.2764,0.6667,192,199
deskewed,MT-001,0.1081,0.381,109,111
deskewed,MT-002,0.1538,0.3571,99,91
deskewed,MT-003,0.5667,0.9545,129,120
deskewed,MT-004,0.1368,0.4,189,190
deskewed,MT-005,0.3782,0.75,105,119
deskewed,MT-006,0.2389,0.55,109,113
deskewed,MT-007,0.4795,0.8462,74,73
deskewed,MT-008,0.539,0.9259,133,141
deskewed,MT-009,0.4762,0.9231,151,147
deskewed,MT-010,0.3592,0.7619,140,142
deskewed,MT-011,0.5496,0.913,122,131
deskewed,MT-012,0.3011,0.8,97,93
deskewed,MT-013,0.3952,0.7778,183,167
deskewed,MT-014,0.1373,0.4091,155,153
deskewed,MT-015,0.1629,0.5,180,178
deskewed,MT-016,0.2959,0.6,178,196
deskewed,MT-017,0.5,1.0,102,104
deskewed,MT-018,0.3611,0.7931,173,180
deskewed,MT-019,0.2365,0.65,202,203
deskewed,MT-020,0.2563,0.6923,192,199
full_restoration,MT-001,0.1351,0.381,112,111
full_restoration,MT-002,0.2418,0.4286,108,91
full_restoration,MT-003,0.625,1.0,127,120
full_restoration,MT-004,0.1211,0.4667,186,190
full_restoration,MT-005,0.4454,0.9,105,119
full_restoration,MT-006,0.4602,0.9,111,113
full_restoration,MT-007,0.4932,0.6923,75,73
full_restoration,MT-008,0.5674,0.8519,145,141
full_restoration,MT-009,0.4354,0.9231,144,147
full_restoration,MT-010,0.3873,0.7619,142,142
full_restoration,MT-011,0.7786,1.0,88,131
full_restoration,MT-012,0.2258,0.7333,94,93
full_restoration,MT-013,0.3473,0.8148,166,167
full_restoration,MT-014,0.1046,0.4545,149,153
full_restoration,MT-015,0.1404,0.4286,180,178
full_restoration,MT-016,0.2959,0.6333,182,196
full_restoration,MT-017,0.3942,1.0,96,104
full_restoration,MT-018,0.3889,0.8276,167,180
full_restoration,MT-019,0.2709,0.65,199,203
full_restoration,MT-020,0.3216,0.7179,191,199
